{
  "year": 2013,
  "sample_size_used": {
    "ols": 1997,
    "multilevel": 8023
  },
  "ols": {
    "formula": "MEDIA_CANDIDATO ~ RENDA + SCORE_CULT_PAIS + bs(TP_FAIXA_ETARIA, df=5) + C(TP_COR_RACA) + C(TP_ESCOLA)",
    "r2": 0.3350568496498195,
    "adj_r2": 0.3306532526276329,
    "f_stat": 76.0870824377671,
    "f_pvalue": 2.8844777162378054e-163,
    "coefficients": {
      "Intercept": -0.4486270743075588,
      "C(TP_COR_RACA)[T.1]": 0.2893883688621585,
      "C(TP_COR_RACA)[T.2]": 0.16314623126394642,
      "C(TP_COR_RACA)[T.3]": 0.04616643521981474,
      "C(TP_COR_RACA)[T.4]": 0.027265614394405578,
      "C(TP_COR_RACA)[T.5]": -0.1554063072648774,
      "C(TP_ESCOLA)[T.2.0]": 1.4263125944971913,
      "RENDA": 0.04649390304590527,
      "SCORE_CULT_PAIS": 0.13430136613534976,
      "bs(TP_FAIXA_ETARIA, df=5)[0]": 0.6477771550699022,
      "bs(TP_FAIXA_ETARIA, df=5)[1]": 0.3243465736100045,
      "bs(TP_FAIXA_ETARIA, df=5)[2]": -0.8355510315245565,
      "bs(TP_FAIXA_ETARIA, df=5)[3]": 0.8117524852934935,
      "bs(TP_FAIXA_ETARIA, df=5)[4]": -0.4674966586955229
    },
    "pvalues": {
      "Intercept": 0.009030006052224043,
      "C(TP_COR_RACA)[T.1]": 0.03481761976839468,
      "C(TP_COR_RACA)[T.2]": 0.2581782405608013,
      "C(TP_COR_RACA)[T.3]": 0.7338016693638184,
      "C(TP_COR_RACA)[T.4]": 0.8874542359724716,
      "C(TP_COR_RACA)[T.5]": 0.5358763058528457,
      "C(TP_ESCOLA)[T.2.0]": 4.633328187573296e-83,
      "RENDA": 0.013498508500610703,
      "SCORE_CULT_PAIS": 8.860416828151015e-11,
      "bs(TP_FAIXA_ETARIA, df=5)[0]": 8.521102872654948e-05,
      "bs(TP_FAIXA_ETARIA, df=5)[1]": 0.00819474056446175,
      "bs(TP_FAIXA_ETARIA, df=5)[2]": 0.00013259772500098907,
      "bs(TP_FAIXA_ETARIA, df=5)[3]": 0.008325096717839233,
      "bs(TP_FAIXA_ETARIA, df=5)[4]": 0.19204278585315981
    }
  },
  "multilevel": null
}