{
  "year": 2014,
  "sample_size_used": {
    "ols": 1998,
    "multilevel": 15701
  },
  "ols": {
    "formula": "MEDIA_CANDIDATO ~ RENDA + SCORE_CULT_PAIS + bs(TP_FAIXA_ETARIA, df=5) + C(TP_COR_RACA) + C(TP_ESCOLA)",
    "r2": 0.1113408014472046,
    "adj_r2": 0.10548546967772343,
    "f_stat": 19.015284843043208,
    "f_pvalue": 1.658292777935965e-42,
    "coefficients": {
      "Intercept": 0.13229583615975773,
      "C(TP_COR_RACA)[T.1]": -0.019663017791893486,
      "C(TP_COR_RACA)[T.2]": -0.2373476966656341,
      "C(TP_COR_RACA)[T.3]": -0.15759074565893416,
      "C(TP_COR_RACA)[T.4]": -0.07818432278577876,
      "C(TP_COR_RACA)[T.5]": 0.10307272216698149,
      "C(TP_ESCOLA)[T.2.0]": 0.7078764873820792,
      "RENDA": 0.08788857655080966,
      "SCORE_CULT_PAIS": 0.09173148330878253,
      "bs(TP_FAIXA_ETARIA, df=5)[0]": 0.3160331644642145,
      "bs(TP_FAIXA_ETARIA, df=5)[1]": 0.013620806160233858,
      "bs(TP_FAIXA_ETARIA, df=5)[2]": -0.8337881593382973,
      "bs(TP_FAIXA_ETARIA, df=5)[3]": 0.6397208178329006,
      "bs(TP_FAIXA_ETARIA, df=5)[4]": -1.436865151432689
    },
    "pvalues": {
      "Intercept": 0.5234047473555616,
      "C(TP_COR_RACA)[T.1]": 0.9052485122630887,
      "C(TP_COR_RACA)[T.2]": 0.16802421096976486,
      "C(TP_COR_RACA)[T.3]": 0.33503462109924426,
      "C(TP_COR_RACA)[T.4]": 0.7255711500156271,
      "C(TP_COR_RACA)[T.5]": 0.7309600198986903,
      "C(TP_ESCOLA)[T.2.0]": 4.0994872752029826e-14,
      "RENDA": 5.144135709238265e-05,
      "SCORE_CULT_PAIS": 7.834307236571939e-05,
      "bs(TP_FAIXA_ETARIA, df=5)[0]": 0.09374584691634048,
      "bs(TP_FAIXA_ETARIA, df=5)[1]": 0.9226061369867894,
      "bs(TP_FAIXA_ETARIA, df=5)[2]": 0.0012940130451714973,
      "bs(TP_FAIXA_ETARIA, df=5)[3]": 0.15339909380884048,
      "bs(TP_FAIXA_ETARIA, df=5)[4]": 0.01466333839401348
    }
  },
  "multilevel": null
}